{"Kp": -0.0008801561486467824, "Ki": 0.031311862997024084}