{"Kp": 0.0008198710644049811, "Ki": 0.030024543582384683, "Kd": 0.0}